Company Name,Job Title,YearsExperience,Location,Salary
Mu Sigma,Data Scientist,1.1,Bangalore,648573
IBM,Data Scientist,1.3,Bangalore,1191950
Tata Consultancy Services,Data Scientist,1.5,Bangalore,836874
Impact Analytics,Data Scientist,2,Bangalore,669578
Accenture,Data Scientist,2.2,Bangalore,944110
Infosys,Data Scientist,2.9,Bangalore,908764
Capgemini,Data Scientist,3,Bangalore,926124
Cognizant Technology Solutions,Data Scientist,3.2,Bangalore,736708
Anheuser-Busch InBev,Data Scientist,3.2,Bangalore,1646721
Fractal,Data Scientist,3.7,Bangalore,1392960
Embibe,Data Scientist,3.9,Bangalore,1404773
Amazon,Data Scientist,4,Bangalore,1507343
Google,Data Scientist,4,Bangalore,1558095
Flipkart,Data Scientist,4.1,Bangalore,2557843
HP Inc.,Data Scientist,4.5,Bangalore,1510081
Wipro,Data Scientist,4.9,Bangalore,732821
Ericsson-Worldwide,Data Scientist,5.1,Bangalore,1221750
MiQ,Data Scientist,5.3,Bangalore,1739484
Deloitte,Data Scientist,5.9,Bangalore,1124939
Microsoft,Data Scientist,6,Bangalore,1630396
Genpact,Data Scientist,6.8,Bangalore,1009436
Fresher,Data Scientist,7.1,Bangalore,550980
Société Générale,Data Scientist,7.9,Bangalore,1870000
Flutura,Data Scientist,8.2,Bangalore,758376
Fuzzy Logix,Data Scientist,8.7,Bangalore,1556575
DXC Technology,Data Scientist,9,Bangalore,1194327
Jio,Data Scientist,9.5,Bangalore,1470000
Honeywell,Data Scientist,9.6,Bangalore,1549942
Affine,Data Scientist,10.3,Bangalore,1009436
Philips,Data Scientist,10.5,Bangalore,1541572
Bharat Light & Power,Data Scientist,9,Bangalore,811182
Antuit,Data Scientist,9,Bangalore,1205874
Nielsen,Data Scientist,9,Bangalore,727111
[24]7.ai,Data Scientist,9,Bangalore,1923257
Fidelity Investments,Data Scientist,9,Bangalore,2143501
Myntra,Data Scientist,9,Bangalore,1926965
First Student,Data Scientist,9,Bangalore,41271
Oracle,Data Scientist,8,Bangalore,1294984
Ola,Data Scientist,8,Bangalore,2334960
Walmart Global Tech,Data Scientist,8,Bangalore,2267616
Tredence,Data Scientist,8,Bangalore,1366992
Intel Corporation,Data Scientist,8,Bangalore,1453427
Mercedes-Benz Research and Development India,Data Scientist,8,Bangalore,1458032
SAP,Data Scientist,8,Bangalore,1730166
Wipro Technologies,Data Scientist,8,Bangalore,658109
Thoucentric,Data Scientist,8,Bangalore,794460
Walmart,Data Scientist,8,Bangalore,2567381
Brillio,Data Scientist,8,Bangalore,1637231
Great Learning,Data Scientist,7,Bangalore,900000
Gramener,Data Scientist,7,Bangalore,902935
HCL Technologies,Data Scientist,7,Bangalore,970782
Happiest Minds Technologies,Data Scientist,7,Bangalore,1050000
Hewlett Packard Enterprise | HPE,Data Scientist,7,Bangalore,2119584
Noodle.ai,Data Scientist,7,Bangalore,1687111
Cisco Systems,Data Scientist,7,Bangalore,1465641
INSOFE,Data Scientist,7,Bangalore,600000
Optum,Data Scientist,7,Bangalore,1805869
Adobe,Data Scientist,6,Bangalore,2624063
ABB,Data Scientist,6,Bangalore,955297
EY,Data Scientist,6,Bangalore,761478
Swiggy,Data Scientist,6,Bangalore,2805476
Subex,Data Scientist,6,Bangalore,969112
iNeuron,Data Scientist,6,Bangalore,450979
ZS Associates,Data Scientist,6,Bangalore,1338795
Robert Bosch India,Data Scientist,6,Bangalore,1040493
Scienaptic Systems,Data Scientist,6,Bangalore,1291549
FlyNava Technologies,Data Scientist,6,Bangalore,49928
Nokia,Data Scientist,6,Bangalore,1663189
UnitedHealth Group,Data Scientist,6,Bangalore,1323387
Sigmoid Analytics,Data Scientist,6,Bangalore,1246266
Idexcel,Data Scientist,6,Bangalore,494147
Citi,Data Scientist,5,Bangalore,1892758
GE Healthcare,Data Scientist,5,Bangalore,1572054
SigTuple,Data Scientist,5,Bangalore,2024533
Dell Technologies,Data Scientist,5,Bangalore,1927564
iNeuron,Data Scientist,5,Bangalore,800000
Ericsson IT Solutions & Services,Data Scientist,5,Bangalore,2009790
Aptus Data Labs,Data Scientist,5,Bangalore,831462
UniQreate,Data Scientist,5,Bangalore,516323
LinkedIn,Data Scientist,5,Bangalore,2333241
Apexon,Data Scientist,5,Bangalore,1200000
Shadowfax Technologies,Data Scientist,5,Bangalore,2006522
Bharti Airtel,Data Scientist,5,Bangalore,2160000
Applied Materials,Data Scientist,5,Bangalore,1341316
FICO,Data Scientist,5,Bangalore,1634105
YouPlus,Data Scientist,5,Bangalore,1389256
Mphasis,Data Scientist,5,Bangalore,1000000
Target,Data Scientist,5,Bangalore,1231116
Gojek,Data Scientist,5,Bangalore,2352941
Blueocean Market Intelligence,Data Scientist,5,Bangalore,744551
CRED,Data Scientist,5,Bangalore,3014686
Rolls-Royce,Data Scientist,5,Bangalore,1357204
Curl Analytics,Data Scientist,4,Bangalore,1053196
J.P. Morgan,Data Scientist,4,Bangalore,1337606
Knowledge Lens,Data Scientist,4,Bangalore,48825
IBM,Data Scientist,4,Bangalore,32953
ascena,Data Scientist,4,Bangalore,1649930
QuantZig,Data Scientist,4,Bangalore,1138060
Baker Hughes,Data Scientist,4,Bangalore,1612744
Everlytics,Data Scientist,4,Bangalore,432776
Siemens,Data Scientist,4,Bangalore,987471
ANZ Bank,Data Scientist,4,Bangalore,1512297
Lowe's Home Improvement,Data Scientist,4,Bangalore,1752935
Nones,Data Scientist,4,Bangalore,1197944
Bristlecone,Data Scientist,4,Bangalore,76962
Altimetrik,Data Scientist,4,Bangalore,587146
Head Digital Works,Data Scientist,4,Bangalore,977543
Artivatic Data Labs,Data Scientist,4,Bangalore,649755
HDFC Standard Life Insurance,Data Scientist,4,Bangalore,1177531
AntWorks,Data Scientist,4,Bangalore,1194925
American Express,Data Scientist,4,Bangalore,1693208
ITC Infotech,Data Scientist,4,Bangalore,414817
Aidetic,Data Scientist,4,Bangalore,704193
NeenOpal,Data Scientist,4,Bangalore,590000
Knowledge Foundry,Data Scientist,4,Bangalore,1119069
Mindtree,Data Scientist,4,Bangalore,669225
Nones,Data Scientist,3,Bangalore,1013978
TVS Motor Company,Data Scientist,3,Bangalore,1252803
XYZ,Data Scientist,3,Bangalore,840000
ShieldSquare,Data Scientist,3,Bangalore,761610
Tech Data,Data Scientist,3,Bangalore,100000
Publicis Sapient,Data Scientist,3,Bangalore,1670405
Hinduja Global Solutions,Data Scientist,3,Bangalore,1284643
GE Digital,Data Scientist,3,Bangalore,1653106
GlobusSoft,Data Scientist,3,Bangalore,385393
MakeMyTrip,Data Scientist,3,Bangalore,1200000
Artificial Learning Systems,Data Scientist,3,Bangalore,1124740
Dailyhunt,Data Scientist,3,Bangalore,2600000
Draup,Data Scientist,3,Bangalore,1859109
SwitchOn,Data Scientist,3,Bangalore,669785
PwC,Data Scientist,3,Bangalore,1205874
Innodatatics,Data Scientist,3,Bangalore,10705
Robert Bosch,Data Scientist,3,Bangalore,1180355
Two Roads Tech,Data Scientist,3,Bangalore,3812913
ExxonMobil,Data Scientist,3,Bangalore,2873437
Bidgely,Data Scientist,3,Bangalore,1438481
IQVIA,Data Scientist,3,Bangalore,899123
ShareChat,Data Scientist,3,Bangalore,2300000
Course5 Intelligence,Data Scientist,3,Bangalore,825077
MAERSK,Data Scientist,3,Bangalore,2207174
Caterpillar,Data Scientist,3,Bangalore,1526335
Bepec Solutions,Data Scientist,3,Bangalore,50000
NetApp,Data Scientist,3,Bangalore,2875549
Exposys Data Labs,Data Scientist,3,Bangalore,36120
Spoonshot,Data Scientist,3,Bangalore,1615535
InMobi,Data Scientist,3,Bangalore,1700000
Swiss Re,Data Scientist,3,Bangalore,1352802
TheMathCompany,Data Scientist,3,Bangalore,600000
Shell,Data Scientist,3,Bangalore,2148775
Flip Robo,Data Scientist,3,Bangalore,25581
HCL,Data Scientist,3,Bangalore,347924
upGrad,Data Scientist,3,Bangalore,1284643
Legato Health Technologies,Data Scientist,3,Bangalore,1200000
Terra Economics and Analytics Lab,Data Scientist,3,Bangalore,720000
HDFC Bank,Data Scientist,3,Bangalore,1105385
Halodoc,Data Scientist,3,Bangalore,1879205
Analytical Wizards,Data Scientist,3,Bangalore,600000
PayPal,Data Scientist,3,Bangalore,273000
GE,Data Scientist,3,Bangalore,1007628
Manthan,Data Scientist,3,Bangalore,1254416
Visa Inc.,Data Scientist,3,Bangalore,324000
Tech Mahindra,Data Scientist,3,Bangalore,1500000
Data Semantics,Data Scientist,3,Bangalore,362209
GE Aviation,Data Scientist,3,Bangalore,1349689
Landmark Group,Data Scientist,3,Bangalore,1605804
Neustar,Data Scientist,3,Bangalore,1923665
Axis Bank,Data Scientist,3,Bangalore,1171687
Comviva,Data Scientist,3,Bangalore,900000
iQuanti,Data Scientist,3,Bangalore,2046452
Mercedes-Benz International,Data Scientist,2,Bangalore,93234
Zoom Video Communications,Data Scientist,2,Bangalore,2839076
Money View,Data Scientist,2,Bangalore,1438576
nference,Data Scientist,2,Bangalore,1930235
KrazyBee,Data Scientist,2,Bangalore,1149607
Applied Materials,Data Scientist,2,Bangalore,1407768
Mavenir,Data Scientist,2,Bangalore,961306
Molecular Connections,Data Scientist,2,Bangalore,43047
Yodlee,Data Scientist,2,Bangalore,2315641
NovelSynth Soft Solutions,Data Scientist,2,Bangalore,20465
Locus,Data Scientist,2,Bangalore,2472920
IVYTEL Technologies,Data Scientist,2,Bangalore,496798
Sumyag,Data Scientist,2,Bangalore,64222
Wabtec,Data Scientist,2,Bangalore,2420967
VMware,Data Scientist,2,Bangalore,2079353
Wipro Digital,Data Scientist,2,Bangalore,1207396
Zycus,Data Scientist,2,Bangalore,75372
Tyson Foods,Data Scientist,2,Bangalore,1825549
OceanFrogs,Data Scientist,2,Bangalore,37004
Lenovo,Data Scientist,2,Bangalore,1917242
Tata,Data Scientist,2,Bangalore,1612292
Simplilearn Solutions,Data Scientist,2,Bangalore,1587
Dun & Bradstreet,Data Scientist,2,Bangalore,15169
AlmaBetter,Data Scientist,2,Bangalore,729193
CreditNirvana,Data Scientist,2,Bangalore,1245989
DONE by NONE,Data Scientist,2,Bangalore,750734
Accentue,Data Scientist,2,Bangalore,1319401
SymphonyAI,Data Scientist,2,Bangalore,964
First Student,Data Scientist,2,Bangalore,41750
Datamatics Global Services,Data Scientist,2,Bangalore,1223165
Razorpay,Data Scientist,2,Bangalore,1423985
NTT Ltd.,Data Scientist,2,Bangalore,134323
mfine,Data Scientist,2,Bangalore,2050962
Marlabs,Data Scientist,2,Bangalore,1304028
Optum Global Solutions,Data Scientist,2,Bangalore,1213107
Reckonsys,Data Scientist,2,Bangalore,111147
Apisero,Data Scientist,2,Bangalore,950000
Aruba Networks,Data Scientist,2,Bangalore,1518492
Intellicar,Data Scientist,2,Bangalore,1327250
ORMAE,Data Scientist,2,Bangalore,16862
CROPIN TECHNOLOGY SOLUTIONS,Data Scientist,2,Bangalore,18830
Belong,Data Scientist,2,Bangalore,1433532
Mobile Premier League,Data Scientist,2,Bangalore,2404581
Smiths Detection,Data Scientist,2,Bangalore,1560483
Shubh Loans,Data Scientist,2,Bangalore,996878
TCS,Data Scientist,2,Bangalore,294363
Fresher,Data Scientist,2,Bangalore,703427
Aditya Birla Group,Data Scientist,2,Bangalore,1635202
Morgan Stanley,Data Scientist,2,Bangalore,1299238
Publicis Sapient,Data Scientist,2,Bangalore,33050
DataVal Analytics,Data Scientist,2,Bangalore,57921
Thomson Reuters,Data Scientist,2,Bangalore,1532945
Numerify,Data Scientist,2,Bangalore,2530666
Kabbage,Data Scientist,2,Bangalore,2065471
Loyalytics Consulting,Data Scientist,2,Bangalore,712128
Monsanto Company,Data Scientist,2,Bangalore,1975970
FOKAL,Data Scientist,2,Bangalore,1085362
Sutherland,Data Scientist,2,Bangalore,1064862
Hypersonix (CA),Data Scientist,2,Bangalore,3146934
Boeing,Data Scientist,2,Bangalore,2266312
Utopus Insights,Data Scientist,2,Bangalore,1163045
Apple,Data Scientist,2,Bangalore,857370
GetupForChange Services,Data Scientist,2,Bangalore,56808
MIQ Logistics,Data Scientist,2,Bangalore,601398
Zendrive,Data Scientist,2,Bangalore,1574844
Honeywell,Data Scientist,2,Bangalore,70114
Paytm,Data Scientist,2,Bangalore,549688
Unilever,Data Scientist,2,Bangalore,1705561
Conduent,Data Scientist,2,Bangalore,846242
3K Technologies,Data Scientist,2,Bangalore,798116
DONE by NONE,Data Scientist,2,Bangalore,15033
Netenrich Inc.,Data Scientist,2,Bangalore,1164765
Majorel,Data Scientist,2,Bangalore,112271
Polynomial.Ai,Data Scientist,2,Bangalore,500036
HARMAN,Data Scientist,2,Bangalore,638755
Mbb Labs,Data Scientist,2,Bangalore,100392
Analytics Vidhya,Data Scientist,2,Bangalore,12721
KPMG,Data Scientist,2,Bangalore,874565
Inference Labs,Data Scientist,2,Bangalore,53107
Cartesian Consulting,Data Scientist,2,Bangalore,954426
ZedEye Labs,Data Scientist,2,Bangalore,77818
McAfee,Data Scientist,2,Bangalore,1181838
Zinnov Management Consulting,Data Scientist,2,Bangalore,1068503
Microsoft,Data Scientist,2,Bangalore,83857
Simpl,Data Scientist,2,Bangalore,1962841
Unisys,Data Scientist,2,Bangalore,1104704
Shaw Academy,Data Scientist,2,Bangalore,1433708
Rakuten,Data Scientist,2,Bangalore,1929554
Blue Yonder,Data Scientist,2,Bangalore,2184214
SalesKen,Data Scientist,2,Bangalore,1039792
Danske IT and Support Services,Data Scientist,2,Bangalore,831774
Samsung Electronics,Data Scientist,2,Bangalore,2197572
Sonata Software,Data Scientist,2,Bangalore,627332
Merck KGaA,Data Scientist,2,Bangalore,827767
GE,Data Scientist,2,Bangalore,835
InViz AI Solutions,Data Scientist,2,Bangalore,776836
Sumyag,Data Scientist,2,Bangalore,29520
Samsung R&D Institute India - Bangalore,Data Scientist,2,Bangalore,1975545
Quess,Data Scientist,2,Bangalore,781491
QuEST Global,Data Scientist,2,Bangalore,1408375
Ong & Shan,Data Scientist,2,Bangalore,183
PayU,Data Scientist,2,Bangalore,2018938
Encora,Data Scientist,2,Bangalore,1256429
Tata Consultancy Services,Data Scientist,2,Bangalore,118986
Accenture,Data Scientist,2,Bangalore,59606
Walmart eCommerce,Data Scientist,2,Bangalore,243613
Nivetti Systems,Data Scientist,2,Bangalore,747000
Prescience,Data Scientist,2,Bangalore,1437318
Thoughtworks,Data Scientist,2,Bangalore,865467
Prognos Health,Data Scientist,2,Bangalore,132347
TECH I.S,Data Scientist,2,Bangalore,66161
Virtusa,Data Scientist,2,Bangalore,481741
Zeta Suite,Data Scientist,2,Bangalore,1277486
Halliburton,Data Scientist,2,Bangalore,820544
Apar Technologies,Data Scientist,2,Bangalore,1624875
DataMites,Data Scientist,2,Bangalore,529123
Cerner,Data Scientist,2,Bangalore,1392815
Juniper Networks,Data Scientist,2,Bangalore,2561949
Idexcel,Data Scientist,2,Bangalore,709784
L&T Technology Services,Data Scientist,2,Bangalore,555530
Tiger Analytics,Data Scientist,2,Bangalore,631299
Capital One,Data Scientist,2,Bangalore,1588612
Zeotap,Data Scientist,2,Bangalore,75190
Bright Money,Data Scientist,2,Bangalore,2739727
Hakkasan Group,Data Scientist,1,Bangalore,589007
Thoucentric,Data Scientist,1,Bangalore,40000
SelfEmployed.com,Data Scientist,1,Bangalore,50163
The Smart Cube,Data Scientist,1,Bangalore,1003261
Standard Chartered Global Business Services,Data Scientist,1,Bangalore,2682633
Ambee (India),Data Scientist,1,Bangalore,920903
Intuit,Data Scientist,1,Bangalore,3095345
Diageo,Data Scientist,1,Bangalore,1659175
Robosoft Technologies,Data Scientist,1,Bangalore,10705
Perpule,Data Scientist,1,Bangalore,1292428
WyzMindz,Data Scientist,1,Bangalore,421444
Tavant,Data Scientist,1,Bangalore,561186
Nabler Web Solutions,Data Scientist,1,Bangalore,811182
Mahindra,Data Scientist,1,Bangalore,1079751
noon,Data Scientist,1,Bangalore,608387
Biocon,Data Scientist,1,Bangalore,507740
Snipe Tech Pvt Ltd.,Data Scientist,1,Bangalore,33320
dAlchemy,Data Scientist,1,Bangalore,600000
Hewlett-Packard,Data Scientist,1,Bangalore,2204142
WayCool Foods & Products,Data Scientist,1,Bangalore,830984
Ithink Technologies,Data Scientist,1,Bangalore,313195
The Goddard School,Data Scientist,1,Bangalore,25000
Volvo Group,Data Scientist,1,Bangalore,1200000
Freshers.com,Data Scientist,1,Bangalore,46237
Exalca Technologies,Data Scientist,1,Bangalore,353277
Shenzyn,Data Scientist,1,Bangalore,588795
Happay,Data Scientist,1,Bangalore,458420
Panasonic,Data Scientist,1,Bangalore,1924646
Spottabl,Data Scientist,1,Bangalore,321161
NightLight Pediatric Urgent Care,Data Scientist,1,Bangalore,55000
Ankit R Jain & Associates,Data Scientist,1,Bangalore,600000
subodh singh,Data Scientist,1,Bangalore,1203913
Trinity Mobility,Data Scientist,1,Bangalore,636742
CronLabs Solutions,Data Scientist,1,Bangalore,370227
SOTI,Data Scientist,1,Bangalore,703427
CoRover,Data Scientist,1,Bangalore,1999227
iOPEX Technologies,Data Scientist,1,Bangalore,750000
Alfonso & Associates Consulting,Data Scientist,1,Bangalore,3530641
iQuanti,Data Scientist,1,Bangalore,30147
EdgeVerve Systems,Data Scientist,1,Bangalore,1148909
Cimpress,Data Scientist,1,Bangalore,502448
Affle,Data Scientist,1,Bangalore,933286
Qualcomm,Data Scientist,1,Bangalore,128464
Monty Telecom Development,Data Scientist,1,Bangalore,683496
Philips Lighting,Data Scientist,1,Bangalore,1023226
ABC,Data Scientist,1,Bangalore,2000000
Vervenest,Data Scientist,1,Bangalore,341109
Avail Finance,Data Scientist,1,Bangalore,20880
YDI Solutions,Data Scientist,1,Bangalore,366410
AIEnterprise,Data Scientist,1,Bangalore,712525
GE Power,Data Scientist,1,Bangalore,1269350
GLOBALFOUNDRIES,Data Scientist,1,Bangalore,75245
Applied Data Finance,Data Scientist,1,Bangalore,41305
Ramus Musik,Data Scientist,1,Bangalore,800000
Trendwise Analytics,Data Scientist,1,Bangalore,481017
Anonymous,Data Scientist,1,Bangalore,1070536
DocOn Technologies,Data Scientist,1,Bangalore,2141072
HackerEarth,Data Scientist,1,Bangalore,140685
Quadrant 4 Systems,Data Scientist,1,Bangalore,1026478
MARS WEB Solution,Data Scientist,1,Bangalore,1031782
Verizon,Data Scientist,1,Bangalore,1004895
LivNSense,Data Scientist,1,Bangalore,410994
Inflexion Analytics,Data Scientist,1,Bangalore,601957
Arcadix,Data Scientist,1,Bangalore,634675
Algebra Software Analytics,Data Scientist,1,Bangalore,1078947
Vedantu,Data Scientist,1,Bangalore,700000
Automation Anywhere,Data Scientist,1,Bangalore,3200000
yellow.ai,Data Scientist,1,Bangalore,410994
IBM Interactive Experience,Data Scientist,1,Bangalore,803916
TEKsystems,Data Scientist,1,Bangalore,1134960
Acalvio,Data Scientist,1,Bangalore,2442736
Nucleus Software Exports,Data Scientist,1,Bangalore,306968
Genesis Group Software Developers,Data Scientist,1,Bangalore,207746
PokerStars,Data Scientist,1,Bangalore,208801
XYZ,Data Scientist,1,Bangalore,2676340
The Self Employed Association,Data Scientist,1,Bangalore,342781
AJIO,Data Scientist,1,Bangalore,15000
---,Data Scientist,1,Bangalore,10000
Bounce,Data Scientist,1,Bangalore,1855822
Goldman Sachs,Data Scientist,1,Bangalore,122137
Algo8.ai,Data Scientist,1,Bangalore,146564
Saisree Engineers,Data Scientist,1,Bangalore,450000
Xenon Automotive,Data Scientist,1,Bangalore,35424
Wipro,Data Scientist,1,Bangalore,25662
ALTEN,Data Scientist,1,Bangalore,1461604
Diverse Lynx,Data Scientist,1,Bangalore,1102652
Hyperthink Systems,Data Scientist,1,Bangalore,1003261
TBM Technologies Pvt,Data Scientist,1,Bangalore,502448
Red Hat,Data Scientist,1,Bangalore,990712
Adobe,Data Scientist,1,Bangalore,101398
Altimetrik,Data Scientist,1,Bangalore,45538
Informatica,Data Scientist,1,Bangalore,61861
Falabella,Data Scientist,1,Bangalore,1605217
Toastmasters International,Data Scientist,1,Bangalore,818581
KYC Hub,Data Scientist,1,Bangalore,202796
National Institute of Technology Karnataka,Data Scientist,1,Bangalore,514600
Texas Instruments,Data Scientist,1,Bangalore,1176880
Blackstraw,Data Scientist,1,Bangalore,1000000
G2,Data Scientist,1,Bangalore,1605804
EdGe Networks,Data Scientist,1,Bangalore,1832052
Ultramatics,Data Scientist,1,Bangalore,214107
MResult Services,Data Scientist,1,Bangalore,562370
Vumonic Technologies,Data Scientist,1,Bangalore,10936
Dexler Information Solutions,Data Scientist,1,Bangalore,1687111
SenSight Technologies,Data Scientist,1,Bangalore,14988
Fractal Systems,Data Scientist,1,Bangalore,2141072
Grofers,Data Scientist,1,Bangalore,1558095
Utopia,Data Scientist,1,Bangalore,1051532
Simple Lecture,Data Scientist,1,Bangalore,502448
Yes Bank,Data Scientist,1,Bangalore,51632
Yes Bank,Data Scientist,1,Bangalore,100490
TAG Solutions,Data Scientist,1,Bangalore,1462163
Tesla,Data Scientist,1,Bangalore,1574637
UnitedHealth Group,Data Scientist,1,Bangalore,27090
Bestintown Analytics,Data Scientist,1,Bangalore,23616
Salim Group,Data Scientist,1,Bangalore,22495
BRIDGEi2i,Data Scientist,1,Bangalore,1306364
Defence Research & Development Organisation,Data Scientist,1,Bangalore,39599
dataZen Engineering,Data Scientist,1,Bangalore,15348
UnitedHealthCare,Data Scientist,1,Bangalore,825425
SelotSoft,Data Scientist,1,Bangalore,1972136
T-Mobile,Data Scientist,1,Bangalore,1023226
ICICI Bank,Data Scientist,1,Bangalore,224948
CROPIN TECHNOLOGY SOLUTIONS,Data Scientist,1,Bangalore,58159
Stayzilla,Data Scientist,1,Bangalore,1465641
BITS Pilani,Data Scientist,1,Bangalore,5742016
Hashworks,Data Scientist,1,Bangalore,1343505
Noodle.ai,Data Scientist,1,Bangalore,26763
Citicorp Services India,Data Scientist,1,Bangalore,1083371
Persistent Networks,Data Scientist,1,Bangalore,12384
Atkins,Data Scientist,1,Bangalore,1600000
Techstar Consulting,Data Scientist,1,Bangalore,1031782
Nhai,Data Scientist,1,Bangalore,81858
The Data Team,Data Scientist,1,Bangalore,646214
Decision Minds,Data Scientist,1,Bangalore,1822656
SeedOlabs,Data Scientist,1,Bangalore,498832
Symphony Teleca,Data Scientist,1,Bangalore,852479
Artigiani,Data Scientist,1,Bangalore,716258
PSG College of Technology,Data Scientist,1,Bangalore,1238138
Opia Labs,Data Scientist,1,Bangalore,2106848
Midcoast Regional Redevelopment Authority,Data Scientist,1,Bangalore,619069
Datamatics Global Services,Data Scientist,1,Bangalore,337422
Customer Centria,Data Scientist,1,Bangalore,444272
Raju Tech,Data Scientist,1,Bangalore,600000
Adecco,Data Scientist,1,Bangalore,1349689
Rplus Analytics,Data Scientist,1,Bangalore,3808049
ExperienceFlow,Data Scientist,1,Bangalore,711000
Kubric,Data Scientist,1,Bangalore,1832052
Praktice Ai,Data Scientist,1,Bangalore,32508
BitLogic Software,Data Scientist,1,Bangalore,400000
Yottaasys,Data Scientist,1,Bangalore,1472145
Nxtra Data,Data Scientist,1,Bangalore,20098
Instamojo,Data Scientist,1,Bangalore,3808049
TheMathCompany,Data Scientist,1,Bangalore,1444788
IQLECT,Data Scientist,1,Bangalore,11107
The Teaching Company,Data Scientist,1,Bangalore,20280
qwerty12,Data Scientist,1,Bangalore,1220411
Institute of Engineering & Management,Data Scientist,1,Bangalore,1708322
National Centre for Biological Sciences,Data Scientist,1,Bangalore,425761
Vsoft,Data Scientist,1,Bangalore,464302
Symbiosis Institute of Computer Studies and Research,Data Scientist,1,Bangalore,500000
TheMathCompany,Data Scientist,1,Bangalore,578857
Alackrity Consols,Data Scientist,1,Bangalore,404424
Neudesic,Data Scientist,1,Bangalore,991803
Ravid & Associates,Data Scientist,1,Bangalore,900000
Flip Robo,Data Scientist,1,Bangalore,20465
DONE by NONE,Data Scientist,1,Bangalore,51589
KPMG,Data Scientist,1,Bangalore,19246
SPS Commerce,Data Scientist,1,Bangalore,30000
Mad Street Den Systems,Data Scientist,1,Bangalore,672260
CENTURYLINK,Data Scientist,1,Bangalore,1399929
Educational Initiatives,Data Scientist,1,Bangalore,1307815
RS Software,Data Scientist,1,Bangalore,621103
Happiest Minds Technologies,Data Scientist,1,Bangalore,782543
Hdfc,Data Scientist,1,Bangalore,41479
HDFC Standard Life,Data Scientist,1,Bangalore,829587
Fresher,Data Scientist,1,Bangalore,50000
AgEye Technologies,Data Scientist,1,Bangalore,518492
Ivanti,Data Scientist,1,Bangalore,1284643
Digital Trainee,Data Scientist,1,Bangalore,2034018
Datafoundry,Data Scientist,1,Bangalore,1158483
Enterprise Bot,Data Scientist,1,Bangalore,1306364
Navriti Technologies,Data Scientist,1,Bangalore,21813
ABCDEF,Data Scientist,1,Bangalore,455555
Artefact,Data Scientist,1,Bangalore,1031782
Toptal,Data Scientist,1,Bangalore,1500
Altisource,Data Scientist,1,Bangalore,1321256
XYX (UK),Data Scientist,1,Bangalore,800000
Atlassian,Data Scientist,1,Bangalore,2200000
SunEdison,Data Scientist,1,Bangalore,1637162
Fellowship.AI,Data Scientist,1,Bangalore,3115175
Sonasoft,Data Scientist,1,Bangalore,1348080
Manthan Studio,Data Scientist,1,Bangalore,1051532
INEOS,Data Scientist,1,Bangalore,400000
Trell,Data Scientist,1,Bangalore,160580
Equifax,Data Scientist,1,Bangalore,1031782
Fresherworld.com,Data Scientist,1,Bangalore,513743
Maybank,Data Scientist,1,Bangalore,1490281
[24]7.ai,Data Scientist,1,Bangalore,85643
Data Sutram,Data Scientist,1,Bangalore,588795
Tableau Software,Data Scientist,1,Bangalore,1070536
ABC Consultants,Data Scientist,1,Bangalore,4282144
Abbott,Data Scientist,1,Bangalore,1124740
Innoviti,Data Scientist,1,Bangalore,22495
QUILT.AI,Data Scientist,1,Bangalore,1381355
Firstsource Solutions,Data Scientist,1,Bangalore,1534839
dhiOmics Analytics Solutions,Data Scientist,1,Bangalore,328796
Genpact,Data Scientist,1,Bangalore,62219
Crediwatch,Data Scientist,1,Bangalore,100326
Inspirisys Solutions Limited,Data Scientist,1,Bangalore,519365
Maybank,Data Scientist,1,Bangalore,56606
Infosys,Data Scientist,1,Bangalore,200979
Saman Mohit,Data Scientist,1,Bangalore,51589
KibbCom,Data Scientist,1,Bangalore,35000
Proven Consult,Data Scientist,1,Bangalore,772648
Fragma Data Systems,Data Scientist,1,Bangalore,501630
Bounce,Data Scientist,1,Bangalore,32808
360DigiTMG,Data Scientist,1,Bangalore,359620
Litmus World,Data Scientist,1,Bangalore,1238390
GyanSys,Data Scientist,1,Bangalore,1825160
Goldman Sachs,Data Scientist,1,Bangalore,3500000
Boston Consulting Group,Data Scientist,1,Bangalore,872604
NaviRisk Consulting,Data Scientist,1,Bangalore,580150
GoodWorkLabs Services,Data Scientist,1,Bangalore,1124063
Tech Systems,Data Scientist,1,Bangalore,975232
LendingKart,Data Scientist,1,Bangalore,1150000
BioXcel Corporation,Data Scientist,1,Bangalore,727111
SellerApp,Data Scientist,1,Bangalore,511613
SAP,Data Scientist,1,Bangalore,1200000
K-Arogia Advisory Services,Data Scientist,1,Bangalore,26122
Group IMD,Data Scientist,1,Bangalore,1221368
AAP,Data Scientist,1,Bangalore,321161
Lumen,Data Scientist,1,Bangalore,2903556
Autodesk,Data Scientist,1,Bangalore,1868000
St. John’s Research Institute,Data Scientist,1,Bangalore,50000
Sravathi Advance Process Technologies,Data Scientist,1,Bangalore,30418
Shssns,Data Scientist,1,Bangalore,502448
CSS Corporation,Data Scientist,1,Bangalore,1709915
Pegasystems,Data Scientist,1,Bangalore,1198038
Flutura,Data Scientist,1,Bangalore,1103782
Tata Elxsi,Data Scientist,1,Bangalore,950636
Gainsight,Data Scientist,1,Bangalore,1300000
Credit Saison India,Data Scientist,1,Bangalore,2332149
Sourav Besra,Data Scientist,1,Bangalore,10000
HDFC ERGO Health Insurance,Data Scientist,1,Bangalore,500000
Voice Data Solutions,Data Scientist,1,Bangalore,2046452
AXA GO Business Operations,Data Scientist,1,Bangalore,1477340
CSC,Data Scientist,1,Bangalore,1043598
Ugam,Data Scientist,1,Bangalore,2141072
BigHaat,Data Scientist,1,Bangalore,15049
SKF,Data Scientist,1,Bangalore,829587
Rubixe,Data Scientist,1,Bangalore,35000
Silicon Valley Bank,Data Scientist,1,Bangalore,226047
NNT Corp.,Data Scientist,1,Bangalore,1700000
Congregation Brit Shalom,Data Scientist,1,Bangalore,619069
Prometheus Group,Data Scientist,1,Bangalore,2000000
Aashish sharma,Data Scientist,1,Bangalore,1225579
LinkedIn,Data Scientist,1,Bangalore,54962
Datalicious,Data Scientist,1,Bangalore,1621204
Quinbay,Data Scientist,1,Bangalore,304193
Bajaj Finance,Data Scientist,1,Bangalore,1637162
VINAYA KUMAR,Data Scientist,1,Bangalore,800000
Real Time Signals,Data Scientist,1,Bangalore,344648
Zealeers Technologies,Data Scientist,1,Bangalore,963482
Alliance Data,Data Scientist,1,Bangalore,35306
Lava International,Data Scientist,1,Bangalore,641727
Impact Analytics,Data Scientist,1,Bangalore,25662
NetApp,Data Scientist,1,Bangalore,1000000
Anheuser-Busch InBev,Data Scientist,1,Bangalore,1124740
Siemens,Data Scientist,1,Bangalore,41271
Microland,Data Scientist,1,Bangalore,3070054
Rubixe,Data Scientist,1,Bangalore,30953
Piramal Enterprises,Data Scientist,1,Bangalore,1430000
Synopsys,Data Scientist,1,Bangalore,382412
Kukun enterprise,Data Scientist,1,Bangalore,1558095
Sahaj Software Solutions,Data Scientist,1,Bangalore,904403
AnalytixLabs,Data Scientist,1,Bangalore,43081
SM NetServ Technologies,Data Scientist,1,Bangalore,600000
Colt Technology Services,Data Scientist,1,Bangalore,1000000
Walmart Global Tech,Data Scientist,1,Bangalore,56237
Global Talent Pool,Data Scientist,1,Bangalore,1980492
Société Générale,Data Scientist,1,Bangalore,9568943
R.S. Agarwal & Associates,Data Scientist,1,Bangalore,56237
Digité,Data Scientist,1,Bangalore,20740
HWI,Data Scientist,1,Bangalore,1687111
Corvi LED Light,Data Scientist,1,Bangalore,51849
Naveen Engineering,Data Scientist,1,Bangalore,10318
NCBS,Data Scientist,1,Bangalore,425761
Coursera,Data Scientist,1,Bangalore,100
Rubicon Red,Data Scientist,1,Bangalore,46750
Arjun Kappor,Data Scientist,1,Bangalore,675000
Brisk Technologies,Data Scientist,1,Bangalore,802609
Eat Local Eat Natural,Data Scientist,1,Bangalore,26763
Nityo Infotech,Data Scientist,1,Bangalore,401958
Analysts,Data Scientist,1,Bangalore,830984
Attra,Data Scientist,1,Bangalore,2700000
Zopper,Data Scientist,1,Bangalore,2360899
Innodatatics,Data Scientist,1,Bangalore,845000
myGate,Data Scientist,1,Bangalore,1343505
Jaitra,Data Scientist,1,Bangalore,1517028
SLK Group,Data Scientist,1,Bangalore,259682
CAP FORCE,Data Scientist,1,Bangalore,18697
Darashaw Consultants,Data Scientist,1,Bangalore,208977
Tapzo,Data Scientist,1,Bangalore,26230
Synopsys,Data Scientist,1,Bangalore,30000
Kapil IT Solutions,Data Scientist,1,Bangalore,206356
LatentView Analytics,Data Scientist,1,Bangalore,462369
Ocwen Financial,Data Scientist,1,Bangalore,1221368
K & K Technical Group,Data Scientist,1,Bangalore,212940
Cornerstone OnDemand,Data Scientist,1,Bangalore,1883009
American Language Communication Center,Data Scientist,1,Bangalore,1013978
TerraBlue XT,Data Scientist,1,Bangalore,421370
Kabbage,Data Scientist,1,Bangalore,404907
GetMyUni,Data Scientist,1,Bangalore,856429
Nones,Data Scientist,1,Bangalore,100000
EMPLOYERS,Data Scientist,1,Bangalore,1238138
Pluto7,Data Scientist,1,Bangalore,49235
shruti pateriya,Data Scientist,1,Bangalore,51849
Infinite Computer Solutions,Data Scientist,1,Bangalore,1673063
TVM Infotech,Data Scientist,1,Bangalore,20584
Impact Analytics,Data Scientist,1,Bangalore,850169
Crytonix Solutions,Data Scientist,1,Bangalore,500000
Motorola Solutions,Data Scientist,1,Bangalore,1451778
TCS e-Serve International,Data Scientist,1,Bangalore,1163669
Admit.me,Data Scientist,1,Bangalore,1973587
Envestnet,Data Scientist,1,Bangalore,1566004
ExcelR,Data Scientist,1,Bangalore,370468
Digité,Data Scientist,1,Bangalore,811180
REACH Technologies,Data Scientist,1,Bangalore,11247
Enquero,Data Scientist,1,Bangalore,1029200
KPMG,Data Scientist,1,Bangalore,1622364
CrowdANALYTIX,Data Scientist,1,Bangalore,750000
The Alacer Group,Data Scientist,1,Bangalore,1558095
Yodlee,Data Scientist,1,Bangalore,39366
The General,Data Scientist,1,Bangalore,1000000
Cerulean Information Technology,Data Scientist,1,Bangalore,1027486
Srijan Technologies,Data Scientist,1,Bangalore,1029200
Google,Data Scientist,1,Bangalore,5000000
Rajat Minerals,Data Scientist,1,Bangalore,371441
Sanjay Ghodawat Group of Institutions,Data Scientist,1,Bangalore,550000
TeamLease Staffing Solutions,Data Scientist,1,Bangalore,506989
Jarvis Technology & Strategy Consulting,Data Scientist,1,Bangalore,1253863
TELiBrahma,Data Scientist,1,Bangalore,53527
IDK,Data Scientist,1,Bangalore,602937
HTC Global Services,Data Scientist,1,Bangalore,800000
BizViz Technologies,Data Scientist,1,Bangalore,341748
CAPA - Centre for Aviation,Data Scientist,1,Bangalore,5995002
CoffeeBeans Consulting,Data Scientist,1,Bangalore,668498
Neewee,Data Scientist,1,Bangalore,15438
Aegis,Data Scientist,1,Bangalore,360220
RDA Labs,Data Scientist,1,Bangalore,1994432
iNurture Education Solutions,Data Scientist,1,Bangalore,15210
IBM,Data Scientist,1,Bangalore,1203913
GE,Data Scientist,1,Bangalore,488541
Nagendran & Co,Data Scientist,1,Bangalore,601957
Avian Acquisition,Data Scientist,1,Bangalore,1391697
NIT Jalandhar,Data Scientist,1,Bangalore,40000
Indecomm Global Services,Data Scientist,1,Bangalore,1498750
Scalein,Data Scientist,1,Bangalore,1498750
Ritwik IT Services,Data Scientist,1,Bangalore,722247
DBS Bank,Data Scientist,1,Bangalore,1558095
Wells Fargo,Data Scientist,1,Bangalore,1832052
Fiverr Inc.,Data Scientist,1,Bangalore,30419
BuddhiMed Technologies,Data Scientist,1,Bangalore,1298412
Infosys,Data Scientist,1,Bangalore,511613
Wizely,Data Scientist,1,Bangalore,2455743
Nestaway Technologies,Data Scientist,1,Bangalore,1708740
Mate Labs,Data Scientist,1,Bangalore,16871
Artis signature,Data Scientist,1,Bangalore,7524456
Sprinklr,Data Scientist,1,Bangalore,32116
Niama-Riesser,Data Scientist,1,Bangalore,251393
Edyoo Technologies,Data Scientist,1,Bangalore,400000
CareerNet Consulting,Data Scientist,1,Bangalore,2376590
OTO Capital,Data Scientist,1,Bangalore,1746726
OkCredit,Data Scientist,1,Bangalore,301469
Rapido,Data Scientist,1,Bangalore,2700000
Ninestars Information Technologies,Data Scientist,1,Bangalore,325000
ORMAE,Data Scientist,1,Bangalore,74938
Amar Singh Chawal Wala,Data Scientist,1,Bangalore,1693803
D2K Technologies India,Data Scientist,1,Bangalore,18199
W.O. Insurance Brokers,Data Scientist,1,Bangalore,351141
Indian Institute of Science,Data Scientist,1,Bangalore,1849475
Apra Labs,Data Scientist,1,Bangalore,108230
Clairvolex,Data Scientist,1,Bangalore,1600000
Amazon,Data Scientist,1,Bangalore,999998
EagleView,Data Scientist,1,Bangalore,37584
Samsung India Electronics,Data Scientist,1,Bangalore,161554
Syhg,Data Scientist,1,Bangalore,50000
NIIT,Data Scientist,1,Bangalore,700000
Navigare,Data Scientist,1,Bangalore,1003261
Insight Data Science,Data Scientist,1,Bangalore,25000
Self,Data Scientist,1,Bangalore,846233
Datalogic,Data Scientist,1,Bangalore,200000
XYZ,Data Scientist,1,Bangalore,25000
GlobalData,Data Scientist,1,Bangalore,30419
KhataBook,Data Scientist,1,Bangalore,2433547
Meta,Data Scientist,1,Bangalore,4514674
Invendis Technologies India,Data Scientist,1,Bangalore,1507343
Johnson Controls,Data Scientist,1,Bangalore,1238138
Toyota North America,Data Scientist,1,Bangalore,912580
Yotta Systems,Data Scientist,1,Bangalore,38493
AIndra Labs,Data Scientist,1,Bangalore,25349
Neha Bhakat,Data Scientist,1,Bangalore,700011
IDC (International Data Corporation),Data Scientist,1,Bangalore,452203
Batlivala & Karani Securities,Data Scientist,1,Bangalore,617520
& Other Stories,Data Scientist,1,Bangalore,722247
Play Games24x7,Data Scientist,1,Bangalore,2000000
Sportz Village Schools,Data Scientist,1,Bangalore,30979
CoRover,Data Scientist,1,Bangalore,11142
Fresherworld.com,Data Scientist,1,Bangalore,730802
Abhinav Immigration Services Pvt. Ltd.,Data Scientist,1,Bangalore,1324539
Tekion,Data Scientist,1,Bangalore,1983605
Dollar Loan Center,Data Scientist,1,Bangalore,1031782
Lincode,Data Scientist,1,Bangalore,608387
Sigmoid Analytics,Data Scientist,1,Bangalore,1203913
Blah,Data Scientist,1,Bangalore,1044003
Genpact,Data Scientist,1,Bangalore,12381
Musubi Management,Data Scientist,1,Bangalore,70655
Searce,Data Scientist,1,Bangalore,601957
First Student,Data Scientist,1,Bangalore,20550
CSIR-NGRI,Data Scientist,1,Bangalore,28119
Schneider Electric,Data Scientist,1,Bangalore,36143
Smarter BIZ Technologies,Data Scientist,1,Bangalore,518492
INSUD PHARMA,Data Scientist,1,Bangalore,600000
Routematic,Data Scientist,1,Bangalore,1216773
Multi Recruit,Data Scientist,1,Bangalore,1937670
kanth,Data Scientist,1,Bangalore,15000
Simplify360,Data Scientist,1,Bangalore,189616
ZestMoney,Data Scientist,1,Bangalore,1541228
Cisco Systems,Data Scientist,1,Bangalore,807768
Himani,Data Scientist,1,Bangalore,500000
redBus India,Data Scientist,1,Bangalore,2194861
qplum,Data Scientist,1,Bangalore,4885471
Rajat Basak,Data Scientist,1,Bangalore,501630
Kyndryl,Data Scientist,1,Bangalore,900000
Analytical Wizards,Data Scientist,1,Bangalore,30979
YGroup Companies,Data Scientist,1,Bangalore,1600600
Virtual Employee,Data Scientist,1,Bangalore,22000
Suhana Shabnam,Data Scientist,1,Bangalore,2073969
Elasto Tech Industries,Data Scientist,1,Bangalore,883159
Anonymous,Data Scientist,1,Bangalore,601957
Saksoft,Data Scientist,1,Bangalore,1880795
Neviton,Data Scientist,1,Bangalore,1123652
High Peak Software,Data Scientist,1,Bangalore,900000
Fiscalia General de Justicia del Estado de Mexico,Data Scientist,1,Bangalore,214107
Megha Engineering and Infrastructure,Data Scientist,1,Bangalore,17996
Zebra Technologies,Data Scientist,1,Bangalore,1239174
na,Data Scientist,1,Bangalore,500000
JoulestoWatts Business Solutions,Data Scientist,1,Bangalore,807768
NoBroker,Data Scientist,1,Bangalore,103698
Airbus,Data Scientist,1,Bangalore,85643
Jupiter Money,Data Scientist,1,Bangalore,1926965
Unified Healthcare Group,Data Scientist,1,Bangalore,51374
DataScientest,Data Scientist,1,Bangalore,409290
upGrad,Data Scientist,1,Bangalore,100490
Inceptua,Data Scientist,1,Bangalore,309535
Kinara Capital,Data Scientist,1,Bangalore,1003261
Hudl,Data Scientist,1,Bangalore,300978
Chemdiqas R & D,Data Scientist,1,Bangalore,666056
Freelance,Data Scientist,1,Bangalore,3250773
Tricog Health Services,Data Scientist,1,Bangalore,736073
Everyday Health Group,Data Scientist,1,Bangalore,1849758
Other,Data Scientist,1,Bangalore,1029200
Defence Research & Development Organisation,Data Scientist,1,Bangalore,13275
Raja Software Labs,Data Scientist,1,Bangalore,538385
Precifab Technologies,Data Scientist,1,Bangalore,36641
RockYou,Data Scientist,1,Bangalore,501630
JBT Corporation,Data Scientist,1,Bangalore,104400
Nucsoft,Data Scientist,1,Bangalore,337422
Flip Robo,Data Scientist,1,Bangalore,35171
Dacasa Financeira,Data Scientist,1,Bangalore,3132009
Kaplan,Data Scientist,1,Bangalore,1960385
Speridian Technologies,Data Scientist,1,Bangalore,88854
Evarcity,Data Scientist,1,Bangalore,361426
Danske IT and Support Services,Data Scientist,1,Bangalore,1635359
Unemployed Professors,Data Scientist,1,Bangalore,1238138
DataScientest,Data Scientist,1,Bangalore,502235
Target,Data Scientist,1,Bangalore,52244
down to up,Data Scientist,1,Bangalore,50000
lnterplast,Data Scientist,1,Bangalore,32116
Lucidity Consulting Group,Data Scientist,1,Bangalore,60839
Furlenco,Data Scientist,1,Bangalore,21672
MagicBricks,Data Scientist,1,Bangalore,1706945
Exdion,Data Scientist,1,Bangalore,601957
Happay,Data Scientist,1,Bangalore,969321
Automation Engineering,Data Scientist,1,Bangalore,30000
Government Engineering College,Data Scientist,1,Bangalore,405591
Eigenlytics,Data Scientist,1,Bangalore,21411
Sears,Data Scientist,1,Bangalore,852772
AdWyze,Data Scientist,1,Bangalore,31734
Apptio,Data Scientist,1,Bangalore,1500000
Accurence,Data Scientist,1,Bangalore,102323
EXL Service,Data Scientist,1,Bangalore,888153
i4u Labs,Data Scientist,1,Bangalore,2992992
Amara Raja,Data Scientist,1,Bangalore,36836
IntelliPredikt Technologies,Data Scientist,1,Bangalore,602937
iFuture Robotics,Data Scientist,1,Bangalore,702283
pion.ai,Data Scientist,1,Bangalore,50613
tabdbjsdo,Data Scientist,1,Bangalore,100000
Blackhawk Network,Data Scientist,1,Bangalore,1600000
Allianz,Data Scientist,1,Bangalore,24660
BT,Data Scientist,1,Bangalore,1350349
Infosys BPM,Data Scientist,1,Bangalore,731081
Dun & Bradstreet,Data Scientist,1,Bangalore,1904025
Zolo,Data Scientist,1,Bangalore,1221750
HSBC Electronic Data Processing India,Data Scientist,1,Bangalore,1622364
First Student,Data Scientist,1,Bangalore,56274
Inventeron Technologies And Business Solutions,Data Scientist,1,Bangalore,437437
qbeats,Data Scientist,1,Bangalore,480000
Symphony RetailAI,Data Scientist,1,Bangalore,1962431
College Internship Program,Data Scientist,1,Bangalore,15210
Goo-Goo Express Wash,Data Scientist,1,Bangalore,337422
Careerera,Data Scientist,1,Bangalore,1284643
Novozymes,Data Scientist,1,Bangalore,1841987
NeenOpal,Data Scientist,1,Bangalore,15660
neha gupta,Data Scientist,1,Bangalore,500000
Sling Media,Data Scientist,1,Bangalore,1206266
Futureware Technologies,Data Scientist,1,Bangalore,415492
Fortraiz Infosec,Data Scientist,1,Bangalore,823360
Confidential,Data Scientist,1,Bangalore,1432516
Freelancer,Data Scientist,1,Bangalore,1507
Maruti Suzuki,Data Scientist,1,Bangalore,30000
Maharshi,Data Scientist,1,Bangalore,783002
HSBC,Data Scientist,1,Bangalore,1200000
CommerceIQ,Data Scientist,1,Bangalore,2207174
Wipro,Data Scientist,1,Bangalore,1605804
Soroco,Data Scientist,1,Bangalore,1739484
StoneX,Data Scientist,1,Bangalore,1634312
Pluralsight,Data Scientist,1,Bangalore,1850000
Indian Statistical Institute,Data Scientist,1,Bangalore,27132
Samsung Research America,Data Scientist,1,Bangalore,1235040
Sabre,Data Scientist,1,Bangalore,2581613
Im a fresher stop asking me,Data Scientist,1,Bangalore,1400000
Tesco Bengaluru,Data Scientist,1,Bangalore,2512238
Big Data Science Research,Data Scientist,1,Bangalore,742880
Collabera,Data Scientist,1,Bangalore,511613
Gear up,Data Scientist,1,Bangalore,1125549
Allegion,Data Scientist,1,Bangalore,1288025
M-SIX Technology,Data Scientist,1,Bangalore,1012266
Evalueserve,Data Scientist,1,Bangalore,2000000
Orbinet Technologies,Data Scientist,1,Bangalore,722612
InnovatorsBay,Data Scientist,1,Bangalore,57698
Epsilon,Data Scientist,1,Bangalore,1693373
Sravathi AI Technology,Data Scientist,1,Bangalore,700000
Reliance Industries,Data Scientist,1,Bangalore,562370
GrayMatter Software Services,Data Scientist,1,Bangalore,622191
Elpis IT Solutions,Data Scientist,1,Bangalore,1712858
Prodotti Poliplastici,Data Scientist,1,Bangalore,506989
Sigmoid Analytics,Data Scientist,1,Bangalore,975232
Acies,Data Scientist,1,Bangalore,415492
Silfra Technologies,Data Scientist,1,Bangalore,740000
MiQ,Data Scientist,1,Bangalore,1500000
Enquero,Data Scientist,1,Bangalore,1480908
CommerceIQ,Data Scientist,1,Bangalore,100326
Safeducate Institute of Learning,Data Scientist,1,Bangalore,826553
Unbxd,Data Scientist,1,Bangalore,2838406
Hotify,Data Scientist,1,Bangalore,1336995
HT Media,Data Scientist,1,Bangalore,15210
Optimum Info Systems,Data Scientist,1,Bangalore,502448
Shiv Nadar University,Data Scientist,1,Bangalore,613936
Tata Health,Data Scientist,1,Bangalore,1124740
Okay.com,Data Scientist,1,Bangalore,214107
Deccan Infosystems,Data Scientist,1,Bangalore,515891
AXA,Data Scientist,1,Bangalore,101548
HyperWorks Imaging,Data Scientist,1,Bangalore,1555476
DataWeave,Data Scientist,1,Bangalore,1805869
Patrick,Data Scientist,1,Bangalore,421444
PlayShifu,Data Scientist,1,Bangalore,835202
Other,Data Scientist,1,Bangalore,107054
Exponentia DataLabs,Data Scientist,1,Bangalore,100000
Mindtree,Data Scientist,1,Bangalore,1073886
Artigiani Technologies,Data Scientist,1,Bangalore,716258
Jindal Aluminium,Data Scientist,1,Bangalore,480000
GE,Data Scientist,1,Bangalore,1238390
Netradyne,Data Scientist,1,Bangalore,1808811
Credit Suisse,Data Scientist,1,Bangalore,1500000
Freelancer,Data Scientist,1,Bangalore,1244381
Commonwealth Bank of Australia,Data Scientist,1,Bangalore,1555054
Cepheid,Data Scientist,1,Bangalore,963482
Talent Zone Consultants,Data Scientist,1,Bangalore,240871
Starcom Information Technology,Data Scientist,1,Bangalore,773836
Pexitics,Data Scientist,1,Bangalore,1200000
Not Applicable,Data Scientist,1,Bangalore,802609
Equinor,Data Scientist,1,Bangalore,2676340
Datascribe Technologies,Data Scientist,1,Bangalore,112474
Evive,Data Scientist,1,Bangalore,1238390
IBM,Data Scientist,1,Bangalore,502448
Akaike Technologies,Data Scientist,1,Bangalore,746629
Jupiter Money,Data Scientist,1,Bangalore,50699
Tenzai,Data Scientist,1,Bangalore,626402
Grab,Data Scientist,1,Bangalore,490608
Pratilipi,Data Scientist,1,Bangalore,3447524
PK,Data Scientist,1,Bangalore,1330194
Shashank Medi Pharma,Data Scientist,1,Bangalore,235379
Skandiabanken,Data Scientist,1,Bangalore,2046452
Rashi Information Services,Data Scientist,1,Bangalore,417954
NielsenIQ,Data Scientist,1,Bangalore,1105385
Practo Technologies,Data Scientist,1,Bangalore,1727725
Analytics India Magazine,Data Scientist,1,Bangalore,1605804
Couture AI,Data Scientist,1,Bangalore,2100000
Capital One,Data Scientist,1,Bangalore,26763
Mate Labs,Data Scientist,1,Bangalore,835202
Cognizant Technology Solutions,Data Scientist,1,Bangalore,433436
Litifer,Data Scientist,1,Bangalore,10449
vitrana,Data Scientist,1,Bangalore,1000000
o9 Solutions,Data Scientist,1,Bangalore,1070536
L Brands,Data Scientist,1,Bangalore,1567329
Nuartin Labs,Data Scientist,1,Bangalore,2508152
Freshworks,Data Scientist,1,Bangalore,5385118
Gradatim,Data Scientist,1,Bangalore,722247
Latitude Fintech,Data Scientist,1,Bangalore,1012266
D&B Technologies,Data Scientist,1,Bangalore,40000
LTI,Data Scientist,1,Bangalore,266039
BankBazaar,Data Scientist,1,Bangalore,1022786
Rapido,Data Scientist,1,Bangalore,31734
GCC services,Data Scientist,1,Bangalore,1237215
Dayananda Sagar College of Engineering,Data Scientist,1,Bangalore,618607
IceCream Labs,Data Scientist,1,Bangalore,25122
Google,Data Scientist,1,Bangalore,1000
First American Financial Corporation,Data Scientist,1,Bangalore,835202
Pivosys Technologies,Data Scientist,1,Bangalore,900000
Vmoksha Technologies,Data Scientist,1,Bangalore,499807
AMCORE Financial,Data Scientist,1,Bangalore,1800000
HiLabs,Data Scientist,1,Bangalore,1962026
Fiserv,Data Scientist,1,Bangalore,1237215
Swetapadma Das,Data Scientist,1,Bangalore,300000
Cognizant,Data Scientist,1,Bangalore,27132
Darshan Soft-Tech,Data Scientist,1,Bangalore,306968
Ziafa Technologies,Data Scientist,1,Bangalore,571859
Webi7,Data Scientist,1,Bangalore,77905
Prakshep,Data Scientist,1,Bangalore,75251
IIT Madras,Data Scientist,1,Bangalore,2000000
Deutsche Bank,Data Scientist,1,Bangalore,1539717
Giftiicon,Data Scientist,1,Bangalore,792197
Synechron,Data Scientist,1,Bangalore,1099231
Postman,Data Scientist,1,Bangalore,1454222
American Express,Data Scientist,1,Bangalore,39345
Zoomcar,Data Scientist,1,Bangalore,1252803
AmberTAG Analytics,Data Scientist,1,Bangalore,347314
Cisco Systems,Data Scientist,1,Bangalore,1143861
Tempworks Services,Data Scientist,1,Bangalore,1700000
ABC Tech,Data Scientist,1,Bangalore,61068
VIT Infotech,Data Scientist,1,Bangalore,900000
Allstate India,Data Scientist,1,Bangalore,100325
Integra Micro Software Services (P),Data Scientist,1,Bangalore,1013978
MoneyTap,Data Scientist,1,Bangalore,3097936
Siemens Healthineers,Data Scientist,1,Bangalore,25349
Almug,Data Scientist,1,Bangalore,76161
Refinitiv,Data Scientist,1,Bangalore,42821
Ragle,Data Scientist,1,Bangalore,800000
Tata Consultancy Services,Data Scientist,1,Bangalore,374688
eTeam,Data Scientist,1,Bangalore,700000
Skit,Data Scientist,1,Bangalore,1500000
Vois (India),Data Scientist,1,Bangalore,1739484
Cyient,Data Scientist,1,Bangalore,1008616
Saankhya Labs,Data Scientist,1,Bangalore,1600000
Losch Engineering,Data Scientist,1,Bangalore,101227
CAET Project Management Consultants,Data Scientist,1,Bangalore,1000000
AMPROVIT TECHNOLOGIES,Data Scientist,1,Bangalore,67517
Centelon,Data Scientist,1,Bangalore,500000
BCA,Data Scientist,1,Bangalore,50699
Danske Bank,Data Scientist,1,Bangalore,1451778
Lam Research,Data Scientist,1,Bangalore,1203913
Kiwi labs,Data Scientist,1,Bangalore,3411087
BidMath,Data Scientist,1,Bangalore,1032645
Siemens Healthineers,Data Scientist,1,Bangalore,2005493
Kashish Corporation,Data Scientist,1,Bangalore,306968
Mu Sigma,Data Scientist,1,Bangalore,722247
IITS,Data Scientist,1,Bangalore,588795
Professional Data Analysts,Data Scientist,1,Bangalore,2009790
CognitiveWorks,Data Scientist,1,Bangalore,535268
Metteyya Analytics,Data Scientist,1,Bangalore,1451778
Innominds Software,Data Scientist,1,Bangalore,939603
Signify,Data Scientist,1,Bangalore,1012266
XYZ (Turkey),Data Scientist,1,Bangalore,2009790
Trident Information Systems,Data Scientist,1,Bangalore,481741
Arvind Internet,Data Scientist,1,Bangalore,700000
Sunrise Senior Living,Data Scientist,1,Bangalore,502448
VJTI,Data Scientist,1,Bangalore,36117
VE Commercial Vehicles,Data Scientist,1,Bangalore,56237
Dozee,Data Scientist,1,Bangalore,912580
Levi Strauss,Data Scientist,1,Bangalore,472514
Tech Mahindra,Data Scientist,1,Bangalore,1284643
AscentHR Services,Data Scientist,1,Bangalore,354237
OnlyGroup Healthcare,Data Scientist,1,Bangalore,51374
Snap,Data Scientist,1,Bangalore,4498962
DataScience.com,Data Scientist,1,Bangalore,100490
WNS,Data Scientist,1,Bangalore,1340000
Schlumberger,Data Scientist,1,Bangalore,1088834
Atos-Syntel,Data Scientist,1,Bangalore,409290
Forec Software Solutions,Data Scientist,1,Bangalore,613519
Tata Consultancy Services,Data Scientist,30,Pune,717331
Innoplexus,Data Scientist,17,Pune,1163186
IBM,Data Scientist,11,Pune,1036536
AlgoAnalytics Financial Consultancy,Data Scientist,11,Pune,742883
ZS Associates,Data Scientist,10,Pune,1294039
Wolters Kluwer,Data Scientist,10,Pune,1154579
Cognizant Technology Solutions,Data Scientist,8,Pune,765632
Accenture,Data Scientist,7,Pune,602937
Wipro,Data Scientist,7,Pune,1150000
Zensar Technologies,Data Scientist,7,Pune,854957
Bajaj Finance,Data Scientist,7,Pune,956307
SG Analytics,Data Scientist,7,Pune,816946
ThinkBumblebee Analytics,Data Scientist,7,Pune,1070536
Michelin,Data Scientist,6,Pune,1146043
Tech Mahindra,Data Scientist,5,Pune,1114163
Schlumberger,Data Scientist,5,Pune,2054972
Merkle,Data Scientist,5,Pune,1134768
Infosys,Data Scientist,4,Pune,878252
Capgemini,Data Scientist,4,Pune,898351
LTI,Data Scientist,4,Pune,814017
First Student,Data Scientist,4,Pune,425000
Vodafone,Data Scientist,4,Pune,940423
Eaton,Data Scientist,4,Pune,1121845
T-Systems,Data Scientist,4,Pune,1215906
Coupa Software Inc,Data Scientist,4,Pune,1055811
Aera Technology,Data Scientist,4,Pune,1622612
ABC,Data Scientist,3,Pune,42249
Amdocs,Data Scientist,3,Pune,718534
Atos-Syntel,Data Scientist,3,Pune,423422
Barclays,Data Scientist,3,Pune,1733746
KPIT Technologies,Data Scientist,3,Pune,1655120
Credit Suisse,Data Scientist,3,Pune,1421672
Saama Technologies,Data Scientist,3,Pune,934857
Exela Technologies,Data Scientist,3,Pune,856429
Abzooba,Data Scientist,3,Pune,1800000
Linsyssoft Technologies,Data Scientist,3,Pune,411680
HCL Technologies,Data Scientist,2,Pune,61248
Fresher,Data Scientist,2,Pune,51920
Axis Bank,Data Scientist,2,Pune,232796
Freelancer,Data Scientist,2,Pune,1001630
Citi,Data Scientist,2,Pune,1577759
ADP,Data Scientist,2,Pune,52491
Birlasoft,Data Scientist,2,Pune,5216933
John Deere,Data Scientist,2,Pune,1463658
Xoriant,Data Scientist,2,Pune,1772001
GS Lab,Data Scientist,2,Pune,834387
Searce,Data Scientist,2,Pune,828221
Globant,Data Scientist,2,Pune,100275
e-Zest Solutions,Data Scientist,2,Pune,932104
Datametica,Data Scientist,2,Pune,983550
Vyom Labs,Data Scientist,2,Pune,25446
Vishwakarma Institute of Technology,Data Scientist,2,Pune,602
Knorex,Data Scientist,2,Pune,53475
CanWill Technologies,Data Scientist,2,Pune,1161602
ThinkBridge,Data Scientist,2,Pune,63058
Coditation Systems,Data Scientist,2,Pune,46977
MindBowser Info Solutions,Data Scientist,2,Pune,283914
Climate Connect,Data Scientist,2,Pune,731758
Tech9,Data Scientist,2,Pune,1687208
Eagle TK Infotech,Data Scientist,2,Pune,713466
Fusion Practices,Data Scientist,2,Pune,56250
Xeco,Data Scientist,2,Pune,499961
DeepTek Medical Imaging,Data Scientist,2,Pune,895000
vElement,Data Scientist,2,Pune,253851
Asquared IoT,Data Scientist,2,Pune,637645
HiLabs (MD),Data Scientist,2,Pune,1954650
Jash Data Sciences,Data Scientist,2,Pune,669083
HiLabs,Data Scientist,2,Pune,1833778
Tata Consultancy Services,Data Scientist,1,Pune,25000
Amazon,Data Scientist,1,Pune,115884
Amazon,Data Scientist,1,Pune,619069
Genpact,Data Scientist,1,Pune,1600000
Fresher,Data Scientist,1,Pune,30147
DXC Technology,Data Scientist,1,Pune,400000
KPMG,Data Scientist,1,Pune,642322
ABC,Data Scientist,1,Pune,101398
Larsen & Toubro,Data Scientist,1,Pune,30000
Concentrix,Data Scientist,1,Pune,289045
Google,Data Scientist,1,Pune,7571032
Honeywell,Data Scientist,1,Pune,1438481
Persistent Systems,Data Scientist,1,Pune,2141
DONE by NONE,Data Scientist,1,Pune,100000
DONE by NONE,Data Scientist,1,Pune,4444315
DONE by NONE,Data Scientist,1,Pune,301469
Siemens,Data Scientist,1,Pune,70000
Nones,Data Scientist,1,Pune,600000
ITC Infotech,Data Scientist,1,Pune,642322
Mahindra,Data Scientist,1,Pune,905000
Kotak Mahindra,Data Scientist,1,Pune,623238
eClerx,Data Scientist,1,Pune,870000
BNY Mellon,Data Scientist,1,Pune,64232
Zomato,Data Scientist,1,Pune,1250000
Hinduja Global Solutions,Data Scientist,1,Pune,1176710
Other,Data Scientist,1,Pune,414794
Thoughtworks,Data Scientist,1,Pune,2569287
Fractal,Data Scientist,1,Pune,1404565
TietoEVRY,Data Scientist,1,Pune,787318
Yash Technologies,Data Scientist,1,Pune,2054972
CitiusTech,Data Scientist,1,Pune,1203913
Unacademy,Data Scientist,1,Pune,702283
UBS,Data Scientist,1,Pune,939603
Netcracker Technology,Data Scientist,1,Pune,1805869
Cummins,Data Scientist,1,Pune,500000
Capgemini Invent,Data Scientist,1,Pune,1300000
Siemens Digital Industries Software,Data Scientist,1,Pune,912580
Johnson Controls,Data Scientist,1,Pune,713136
Johnson Controls,Data Scientist,1,Pune,467428
Dassault Systemes,Data Scientist,1,Pune,983196
Ugam,Data Scientist,1,Pune,1252803
Schlumberger,Data Scientist,1,Pune,53527
Apple,Data Scientist,1,Pune,1507820
MetLife,Data Scientist,1,Pune,417954
Red Hat,Data Scientist,1,Pune,5398754
STL - Sterlite Technologies Limited,Data Scientist,1,Pune,1036984
Visteon,Data Scientist,1,Pune,2411749
PhonePe,Data Scientist,1,Pune,2550000
C-DAC,Data Scientist,1,Pune,449896
Nothing Something,Data Scientist,1,Pune,501630
Attra,Data Scientist,1,Pune,2249481
NICE,Data Scientist,1,Pune,1649524
Sokrati,Data Scientist,1,Pune,27235
Pitney Bowes,Data Scientist,1,Pune,755000
AXA,Data Scientist,1,Pune,1070000
FirstCry com,Data Scientist,1,Pune,67404
Maxgen Technologies,Data Scientist,1,Pune,16871
TCS e-Serve International,Data Scientist,1,Pune,1031782
Internshala,Data Scientist,1,Pune,542139
Michelin,Data Scientist,1,Pune,12846
Micron Technology,Data Scientist,1,Pune,1400000
BlueConch Technologies,Data Scientist,1,Pune,1104109
FIGmd,Data Scientist,1,Pune,750000
Volkswagen,Data Scientist,1,Pune,5184922
TomTom,Data Scientist,1,Pune,616492
Datametica,Data Scientist,1,Pune,19177
FreshersLive,Data Scientist,1,Pune,306968
Innoplexus,Data Scientist,1,Pune,30534
Dream11,Data Scientist,1,Pune,2248126
Sandvik,Data Scientist,1,Pune,300000
SS Supply Chain Solutions,Data Scientist,1,Pune,1312312
Cognizant Softvision,Data Scientist,1,Pune,498618
University of Pune,Data Scientist,1,Pune,1003261
Goodwill,Data Scientist,1,Pune,12000
Goodwill,Data Scientist,1,Pune,619069
IVL Global,Data Scientist,1,Pune,668980
Coupa Software Inc,Data Scientist,1,Pune,80000
Verificient Technologies,Data Scientist,1,Pune,11036
Clairvoyant,Data Scientist,1,Pune,1800000
The Fresh Market,Data Scientist,1,Pune,306968
Tata Research Development and Design Centre,Data Scientist,1,Pune,1267472
Medline Industries,Data Scientist,1,Pune,1461604
Amphisoft Technologies,Data Scientist,1,Pune,3517133
Pratham,Data Scientist,1,Pune,38000
Evolent Health,Data Scientist,1,Pune,1541229
Presidency University (Bangalore),Data Scientist,1,Pune,725889
Smartek21,Data Scientist,1,Pune,1200000
Google Cloud,Data Scientist,1,Pune,3211608
ABC do ABC,Data Scientist,1,Pune,513743
Apar Technologies,Data Scientist,1,Pune,500000
Professional Data Analysts,Data Scientist,1,Pune,1200000
Bajaj Finserv Health,Data Scientist,1,Pune,1300000
PharmaACE,Data Scientist,1,Pune,700000
advids.co,Data Scientist,1,Pune,80495
Xcaliber Infotech,Data Scientist,1,Pune,642322
MIT World Peace University,Data Scientist,1,Pune,10000
iNeuron,Data Scientist,1,Pune,20280
vPhrase,Data Scientist,1,Pune,541685
